index,mean,min,max,median,range,standard_deviation,variance,energy,entropy,kurtosis,skewness,COV,histogram_percent_-inf_-1000,histogram_percent_-1000_-950,histogram_percent_-950_-650,histogram_percent_-650_-300,histogram_percent_-300_0,histogram_percent_0_100,histogram_percent_100_600,histogram_percent_600_inf
Intensity_checker_Phantom-label.nii.gz,75.0,50.0,150.0,50.0,100.0,43.30127018922193,1875.0,7348.469228349534,-2409117.7408715887,-0.6666666666666665,1.1547005383792515,0.5773502691896257,0.0,0.0,0.0,0.0,0.0,0.75,0.25,0.0
Intensity_grey_Phantom-label.nii.gz,100.0,100.0,100.0,100.0,0.0,0.0,0.0,8485.28137423857,-3315722.5339114256,-3.0,0.0,0.0,0.0,0.0,0.0,0.0,0.0,0.0,0.0,0.0
Intensity_noisy_grey_Phantom-label.nii.gz,100.16064400325992,63.00874163716922,136.70731027859344,100.06269411194424,73.69856864142422,10.171805666970855,103.46563052662037,8542.62639422184,-3325945.320313802,-0.011454209208579869,-0.0033168780876134518,0.10155491478908416,0.0,0.0,0.0,0.0,0.0,0.4970833333333333,0.5029166666666667,0.0
Intensity_one_spot_Phantom-label.nii.gz,105.55555555555556,100.0,150.0,100.0,50.0,15.713484026367722,246.91358024691357,9055.385138137417,-3548585.154323929,4.125000000000002,2.4748737341529163,0.14886458551295736,0.0,0.0,0.0,0.0,0.0,0.0,0.1111111111111111,0.0
Intensity_split_Phantom-label.nii.gz,100.0,50.0,150.0,100.0,100.0,50.0,2500.0,9486.832980505138,-3409907.1997890444,-2.0,0.0,0.5,0.0,0.0,0.0,0.0,0.0,0.5,0.5,0.0
